st20250722;Oleksii;Semenii;Vitaliiovych;1;2025-09-01;1;f006;sp020;BUDGET;ACTIVE;o.semenii@ukma.edu.ua;+380501235012;2006-03-22;19
st20250723;Anastasiia;Selianinova;Oleksandrivna;1;2025-09-01;1;f006;sp020;BUDGET;ACTIVE;a.selianinova@ukma.edu.ua;+380501235013;2007-08-11;18
st20250724;Illia;Chaikovskyi;Maksymovych;1;2025-09-01;1;f006;sp020;BUDGET;ACTIVE;i.chaikovskyi@ukma.edu.ua;+380501235014;2006-05-14;19
st20250725;Lesia;Kasianenko;Oleksiivna;1;2025-09-01;1;f006;sp020;BUDGET;ACTIVE;l.kasianenko@ukma.edu.ua;+380501235015;2007-02-28;18
st20250726;Viktoriia;Kharchenko;Anatoliivna;1;2025-09-01;1;f006;sp020;BUDGET;ACTIVE;v.kharchenko@ukma.edu.ua;+380501235016;2006-12-05;18
st20250727;Artur;Kozlovskyi;Andriiovych;1;2025-09-01;2;f006;sp020;BUDGET;ACTIVE;a.kozlovskyi@ukma.edu.ua;+380501235017;2007-04-19;18
st20250728;Sofiia;Boklan;Valeriivna;1;2025-09-01;2;f006;sp020;BUDGET;ACTIVE;s.boklan@ukma.edu.ua;+380501235018;2006-11-20;18
st20250729;Maryna;Yakovenko;Viktorivna;1;2025-09-01;2;f006;sp020;BUDGET;ACTIVE;m.yakovenko@ukma.edu.ua;+380501235019;2007-09-11;17
st20250730;Yaryna;Predzymyrska;Vasylivna;1;2025-09-01;2;f006;sp020;BUDGET;ACTIVE;y.predzymyrska@ukma.edu.ua;+380501235020;2006-01-08;19
st20250731;Yevheniia;Fau;Yevheniivna;1;2025-09-01;2;f006;sp020;BUDGET;ACTIVE;y.fau@ukma.edu.ua;+380501235021;2007-07-14;18
st20250732;Nataliia;Khomenko;Ihorivna;1;2025-09-01;3;f006;sp020;BUDGET;ACTIVE;n.khomenko@ukma.edu.ua;+380501235022;2006-10-27;18
st20250733;Oksana;Sotina;Andriivna;1;2025-09-01;3;f006;sp020;BUDGET;ACTIVE;o.sotina@ukma.edu.ua;+380501235023;2007-03-31;18
st20250734;Leonid;Polishchuk;Viacheslavovych;1;2025-09-01;3;f006;sp020;CONTRACT;ACTIVE;l.polishchuk@ukma.edu.ua;+380501235024;2006-08-16;19
st20250735;Tetiana;Voropai;Oleksandrivna;1;2025-09-01;3;f006;sp020;CONTRACT;ACTIVE;t.voropai@ukma.edu.ua;+380501235025;2007-11-04;17


st20250736;Yaryna;Kushnir;Yevheniivna;1;2025-09-01;1;f006;sp021;BUDGET;ACTIVE;y.kushnir@ukma.edu.ua;+380501235026;2006-06-21;19
st20250737;Daria;Danyliuk;Viktorivna;1;2025-09-01;1;f006;sp021;BUDGET;ACTIVE;d.danyliuk@ukma.edu.ua;+380501235027;2007-05-19;18
st20250738;Danylo;Palashchuk;Romanovych;1;2025-09-01;1;f006;sp021;BUDGET;ACTIVE;d.palashchuk@ukma.edu.ua;+380501235028;2006-01-09;19
st20250739;Olena;Lenivenko;Stanislavivna;1;2025-09-01;1;f006;sp021;BUDGET;ACTIVE;o.lenivenko@ukma.edu.ua;+380501235029;2007-12-25;17
st20250740;Vladyslav;Radchuk;Mykolaiovych;1;2025-09-01;1;f006;sp021;BUDGET;ACTIVE;v.radchuk@ukma.edu.ua;+380501235030;2006-04-30;19
st20250741;Ivanna;Volochai;Yuriivna;1;2025-09-01;2;f006;sp021;CONTRACT;ACTIVE;i.volochai@ukma.edu.ua;+380501235031;2007-10-12;17
st20250742;Dmytro;Shvydkov;Volodymyrovych;1;2025-09-01;2;f006;sp021;CONTRACT;ACTIVE;d.shvydkov@ukma.edu.ua;+380501235032;2006-02-28;19
st20250743;Illia;Durytskyi;Oleksandrovych;1;2025-09-01;2;f006;sp021;CONTRACT;ACTIVE;i.durytskyi@ukma.edu.ua;+380501235033;2007-07-07;18
st20250744;Dmytro;Pantiukhov;Anatoliiovych;1;2025-09-01;2;f006;sp021;CONTRACT;ACTIVE;d.pantiukhov@ukma.edu.ua;+380501235034;2006-11-19;18
st20250745;Oriana;Romanchuk;Andriivna;1;2025-09-01;2;f006;sp021;CONTRACT;ACTIVE;o.romanchuk@ukma.edu.ua;+380501235035;2007-05-23;18
st20250746;Daria;Kononova;Volodymyrivna;1;2025-09-01;3;f006;sp021;CONTRACT;ACTIVE;d.kononova@ukma.edu.ua;+380501235036;2006-01-04;19
st20250747;Makar;Pysanko;Olehovych;1;2025-09-01;3;f006;sp021;CONTRACT;ACTIVE;m.pysanko@ukma.edu.ua;+380501235037;2007-09-29;17
st20250748;Sofiia;Teliha;Yuriivna;1;2025-09-01;3;f006;sp021;CONTRACT;ACTIVE;s.teliha@ukma.edu.ua;+380501235038;2006-12-14;18
st20250749;Dmytro;Zabolotnyi;Oleksandrovych;1;2025-09-01;3;f006;sp021;CONTRACT;ACTIVE;d.zabolotnyi@ukma.edu.ua;+380501235039;2007-03-08;18
st20250750;Yevhenii;Velychko;Hermanovych;1;2025-09-01;3;f006;sp021;CONTRACT;ACTIVE;y.velychko@ukma.edu.ua;+380501235040;2006-06-21;19
st20250751;Uliana;Baturevych;Andriivna;1;2025-09-01;4;f006;sp021;CONTRACT;ACTIVE;u.baturevych@ukma.edu.ua;+380501235041;2007-11-28;17
st20250752;Anna;Pesniak;Dmytrivna;1;2025-09-01;4;f006;sp021;CONTRACT;ACTIVE;a.pesniak@ukma.edu.ua;+380501235042;2006-04-15;19
st20250753;Sofiia;Bodnar;Ruslanivna;1;2025-09-01;4;f006;sp021;CONTRACT;ACTIVE;s.bodnar@ukma.edu.ua;+380501235043;2007-08-01;18
st20250754;Yevdokiia;Zhuravlova;Viktorivna;1;2025-09-01;4;f006;sp021;CONTRACT;ACTIVE;y.zhuravlova@ukma.edu.ua;+380501235044;2006-12-13;18
st20250755;Viktoriia;Yurchuk;Vitaliivna;1;2025-09-01;4;f006;sp021;CONTRACT;ACTIVE;v.yurchuk@ukma.edu.ua;+380501235045;2007-04-26;18
st20250756;Varvara;Shubenko;Vitaliivna;1;2025-09-01;5;f006;sp021;CONTRACT;ACTIVE;v.shubenko@ukma.edu.ua;+380501235046;2006-06-18;19
st20250757;Poliina;Harbar;Ruslanivna;1;2025-09-01;5;f006;sp021;CONTRACT;ACTIVE;p.harbar@ukma.edu.ua;+380501235047;2007-11-09;17
st20250758;Mariia;Pankova;Mykhailivna;1;2025-09-01;5;f006;sp021;CONTRACT;ACTIVE;m.pankova@ukma.edu.ua;+380501235048;2006-03-10;19
st20250759;Nazarii;Didkivskyi;Olehovych;1;2025-09-01;5;f006;sp021;CONTRACT;ACTIVE;n.didkivskyi@ukma.edu.ua;+380501235049;2007-08-27;18
st20250760;Yevheniia;Kozak;Yuriivna;1;2025-09-01;5;f006;sp021;CONTRACT;ACTIVE;y.kozak@ukma.edu.ua;+380501235050;2006-01-05;19
st20250761;Dmytro;Yarosh;Dmytrovych;1;2025-09-01;6;f006;sp021;CONTRACT;ACTIVE;d.yarosh@ukma.edu.ua;+380501235051;2007-03-12;18
st20250762;Dmitrii;Kolodiazhnyi;Andriiovych;1;2025-09-01;6;f006;sp021;CONTRACT;ACTIVE;d.kolodiazhnyi@ukma.edu.ua;+380501235052;2006-11-20;18
st20250763;Marharyta;Sarnovska;Andriivna;1;2025-09-01;6;f006;sp021;CONTRACT;ACTIVE;m.sarnovska@ukma.edu.ua;+380501235053;2007-05-08;18
st20250764;Anastasiia;Cherepanova;Serhiivna;1;2025-09-01;6;f006;sp021;CONTRACT;ACTIVE;a.cherepanova@ukma.edu.ua;+380501235054;2006-08-14;19
st20250765;Veronika;Kulbako;Serhiivna;1;2025-09-01;6;f006;sp021;CONTRACT;ACTIVE;v.kulbako@ukma.edu.ua;+380501235055;2007-02-22;18
st20250766;Vlas;Horbenko;Ihorovych;1;2025-09-01;7;f006;sp021;CONTRACT;ACTIVE;v.horbenko@ukma.edu.ua;+380501235056;2006-12-05;18
st20250767;Olena;Lazarenko;Oleksandrivna;1;2025-09-01;7;f006;sp021;CONTRACT;ACTIVE;o.lazarenko@ukma.edu.ua;+380501235057;2007-09-11;17
st20250768;Yelyzaveta;Shkolna;Romanivna;1;2025-09-01;7;f006;sp021;CONTRACT;ACTIVE;y.shkolna@ukma.edu.ua;+380501235058;2006-10-27;18
st20250769;Myroslav;Kavatsiv;Orestovych;1;2025-09-01;7;f006;sp021;CONTRACT;ACTIVE;m.kavatsiv@ukma.edu.ua;+380501235059;2007-04-16;18
st20250770;Petro;Hryb;Romanovych;1;2025-09-01;7;f006;sp021;CONTRACT;ACTIVE;p.hryb@ukma.edu.ua;+380501235060;2006-07-03;19
st20250771;Solomiia;Havrysh;Maksymivna;1;2025-09-01;8;f006;sp021;CONTRACT;ACTIVE;s.havrysh@ukma.edu.ua;+380501235061;2007-05-19;18
st20250772;Sofiia;Yermakova;Oleksandrivna;1;2025-09-01;8;f006;sp021;CONTRACT;ACTIVE;s.yermakova@ukma.edu.ua;+380501235062;2006-09-24;18
st20250773;Emiliia-Yelyzaveta;Dymyd;Mykhailivna;1;2025-09-01;8;f006;sp021;CONTRACT;ACTIVE;e.dymyd@ukma.edu.ua;+380501235063;2007-03-31;18
st20250774;Mylana;Holda;Sviatoslavivna;1;2025-09-01;8;f006;sp021;CONTRACT;ACTIVE;m.holda@ukma.edu.ua;+380501235064;2006-01-09;19
st20250775;Nazar;Hryhorenko;Vladyslavovych;1;2025-09-01;8;f006;sp021;CONTRACT;ACTIVE;n.hryhorenko@ukma.edu.ua;+380501235065;2007-11-04;17
st20250776;Mariia;Lytvyn;Mykolaivna;1;2025-09-01;9;f006;sp021;CONTRACT;ACTIVE;m.lytvyn@ukma.edu.ua;+380501235066;2006-08-21;19
st20250777;Volodymyr;Horokh;Oleksandrovych;1;2025-09-01;9;f006;sp021;CONTRACT;ACTIVE;v.horokh@ukma.edu.ua;+380501235067;2007-06-15;18
st20250778;Ivan;Trokhymenko;Andriiovych;1;2025-09-01;9;f006;sp021;CONTRACT;ACTIVE;i.trokhymenko@ukma.edu.ua;+380501235068;2006-04-30;19
st20250779;Oleksandr;Snihur;Illich;1;2025-09-01;9;f006;sp021;CONTRACT;ACTIVE;o.snihur@ukma.edu.ua;+380501235069;2007-10-12;17
st20250780;Mykyta;Sheveliuk;Maksymovych;1;2025-09-01;9;f006;sp021;CONTRACT;ACTIVE;m.sheveliuk@ukma.edu.ua;+380501235070;2006-02-28;19
st20250781;Vladyslav;Karpovych;Borysovych;1;2025-09-01;10;f006;sp021;CONTRACT;ACTIVE;v.karpovych@ukma.edu.ua;+380501235071;2007-07-07;18
st20250782;Viktor;Horbatiuk;Serhiiovych;1;2025-09-01;10;f006;sp021;CONTRACT;ACTIVE;v.horbatiuk@ukma.edu.ua;+380501235072;2006-11-19;18
st20250783;Viktor;Soloshenko;Yuriiovych;1;2025-09-01;10;f006;sp021;CONTRACT;ACTIVE;v.soloshenko@ukma.edu.ua;+380501235073;2007-05-23;18
st20250784;Oleksii;Mihal;Serhiiovych;1;2025-09-01;10;f006;sp021;CONTRACT;ACTIVE;o.mihal@ukma.edu.ua;+380501235074;2006-01-04;19
st20250785;Sofiia;Kohut;Mykolaivna;1;2025-09-01;10;f006;sp021;CONTRACT;ACTIVE;s.kohut@ukma.edu.ua;+380501235075;2007-09-29;17
st20250786;Yevhen;Tokalenko;Yuriiovych;1;2025-09-01;11;f006;sp021;CONTRACT;ACTIVE;y.tokalenko@ukma.edu.ua;+380501235076;2006-12-14;18
st20250787;Yuliia;Fedirko;Volodymyrivna;1;2025-09-01;11;f006;sp021;CONTRACT;ACTIVE;y.fedirko@ukma.edu.ua;+380501235077;2007-03-08;18
st20250788;Kateryna;Borysenko;Mykhailivna;1;2025-09-01;11;f006;sp021;CONTRACT;ACTIVE;k.borysenko@ukma.edu.ua;+380501235078;2006-06-21;19
st20250789;Mariia;Abbasova;Oleksandrivna;1;2025-09-01;11;f006;sp021;CONTRACT;ACTIVE;m.abbasova@ukma.edu.ua;+380501235079;2007-11-28;17
st20250790;Mykhailo;Bereziuk;Viktorovych;1;2025-09-01;11;f006;sp021;CONTRACT;ACTIVE;m.bereziuk@ukma.edu.ua;+380501235080;2006-04-15;19
st20250791;Veronika;Kozhevnykova;Artemivna;1;2025-09-01;12;f006;sp021;CONTRACT;ACTIVE;v.kozhevnykova@ukma.edu.ua;+380501235081;2007-08-01;18
st20250792;Alina;Salo;Yuriivna;1;2025-09-01;12;f006;sp021;CONTRACT;ACTIVE;a.salo@ukma.edu.ua;+380501235082;2006-12-13;18
st20250793;Ivan;Rosushchanskyi;Ivanovych;1;2025-09-01;12;f006;sp021;CONTRACT;ACTIVE;i.rosushchanskyi@ukma.edu.ua;+380501235083;2007-04-26;18
st20250794;Maksym;Poloziuk;Romanovych;1;2025-09-01;12;f006;sp021;CONTRACT;ACTIVE;m.poloziuk@ukma.edu.ua;+380501235084;2006-06-18;19
st20250795;Liudmyla;Petrenko;Mykhailivna;1;2025-09-01;12;f006;sp021;CONTRACT;ACTIVE;l.petrenko@ukma.edu.ua;+380501235085;2007-11-09;17
st20250796;Valeriia;Averkina;Yevhenivna;1;2025-09-01;13;f006;sp021;CONTRACT;ACTIVE;v.averkina@ukma.edu.ua;+380501235086;2006-03-10;19
st20250797;Sofiia;Babenko;Oleksandrivna;1;2025-09-01;13;f006;sp021;CONTRACT;ACTIVE;s.babenko@ukma.edu.ua;+380501235087;2007-08-27;18
st20250798;Sofiia;Povlenko;Serhiivna;1;2025-09-01;13;f006;sp021;CONTRACT;ACTIVE;s.povlenko@ukma.edu.ua;+380501235088;2006-01-05;19


st20250799;Yeva;Mazur;Sofiia Andriivna;1;2025-09-01;1;f006;sp022;BUDGET;ACTIVE;y.mazur@ukma.edu.ua;+380501235089;2007-03-12;18
st20250800;Iona;Oleksandruk;Bohdanovych;1;2025-09-01;1;f006;sp022;BUDGET;ACTIVE;i.oleksandruk@ukma.edu.ua;+380501235090;2006-11-20;18
st20250801;Diana;Kravchenko;Valeriivna;1;2025-09-01;1;f006;sp022;BUDGET;ACTIVE;d.kravchenko@ukma.edu.ua;+380501235091;2007-05-08;18
st20250802;Semen;Onyshchenko;Oleksandrovych;1;2025-09-01;1;f006;sp022;BUDGET;ACTIVE;s.onyshchenko@ukma.edu.ua;+380501235092;2006-08-14;19
st20250803;Dmytro;Skrypka;Oleksandrovych;1;2025-09-01;1;f006;sp022;BUDGET;ACTIVE;d.skrypka@ukma.edu.ua;+380501235093;2007-02-22;18
st20250804;Snizhana;Bondarenko;Ihorivna;1;2025-09-01;1;f006;sp022;BUDGET;ACTIVE;s.bondarenko@ukma.edu.ua;+380501235094;2006-12-05;18
st20250805;Mariia;Savliuk;Ivanivna;1;2025-09-01;1;f006;sp022;BUDGET;ACTIVE;m.savliuk@ukma.edu.ua;+380501235095;2007-09-11;17
st20250806;Taisiia;Starostiuk;Yuriivna;1;2025-09-01;1;f006;sp022;BUDGET;ACTIVE;t.starostiuk@ukma.edu.ua;+380501235096;2006-10-27;18
st20250807;Mariia;Morozova;Ihorivna;1;2025-09-01;1;f006;sp022;BUDGET;ACTIVE;m.morozova@ukma.edu.ua;+380501235097;2007-04-16;18
st20250808;Vladyslava;Polishchuk;Olehivna;1;2025-09-01;1;f006;sp022;BUDGET;ACTIVE;v.polishchuk@ukma.edu.ua;+380501235098;2006-07-03;19
st20250809;Anastasiia;Panchenko;Valeriivna;1;2025-09-01;2;f006;sp022;BUDGET;ACTIVE;a.panchenko@ukma.edu.ua;+380501235099;2007-05-19;18
st20250810;Sofiia;Chabanova;Kyrylivna;1;2025-09-01;2;f006;sp022;BUDGET;ACTIVE;s.chabanova@ukma.edu.ua;+380501235100;2006-09-24;18
st20250811;Maiia-Kvitka;Mokrovus;Hannivna;1;2025-09-01;2;f006;sp022;BUDGET;ACTIVE;m.mokrovus@ukma.edu.ua;+380501235101;2007-03-31;18
st20250812;Mariia;Riaba;Stanislavivna;1;2025-09-01;2;f006;sp022;BUDGET;ACTIVE;m.riaba@ukma.edu.ua;+380501235102;2006-01-09;19
st20250813;Viktoriia;Burdenko;Ihorivna;1;2025-09-01;2;f006;sp022;BUDGET;ACTIVE;v.burdenko@ukma.edu.ua;+380501235103;2007-11-04;17
st20250814;Sofiia;Karnavan;Viacheslavivna;1;2025-09-01;2;f006;sp022;BUDGET;ACTIVE;s.karnavan@ukma.edu.ua;+380501235104;2006-08-21;19
st20250815;Oleksandra;Omelchak;Pavlivna;1;2025-09-01;2;f006;sp022;BUDGET;ACTIVE;o.omelchak@ukma.edu.ua;+380501235105;2007-06-15;18
st20250816;Valeriia;Poltavets;Yevhenivna;1;2025-09-01;2;f006;sp022;CONTRACT;ACTIVE;v.poltavets@ukma.edu.ua;+380501235106;2006-04-30;19
st20250817;Sofiia;Voropinova;Vasylivna;1;2025-09-01;2;f006;sp022;CONTRACT;ACTIVE;s.voropinova@ukma.edu.ua;+380501235107;2007-10-12;17
st20250818;Uliana;Kovalova;Vitaliivna;1;2025-09-01;2;f006;sp022;CONTRACT;ACTIVE;u.kovalova@ukma.edu.ua;+380501235108;2006-02-28;19
st20250819;Uliana;Marchenko;Maksymivna;1;2025-09-01;3;f006;sp022;CONTRACT;ACTIVE;u.marchenko@ukma.edu.ua;+380501235109;2007-07-07;18
st20250820;Kateryna;Ohorodniichuk;Serhiivna;1;2025-09-01;3;f006;sp022;CONTRACT;ACTIVE;k.ohorodniichuk@ukma.edu.ua;+380501235110;2006-11-19;18
st20250821;Anna;Podufalova;Oleksandrivna;1;2025-09-01;3;f006;sp022;CONTRACT;ACTIVE;a.podufalova@ukma.edu.ua;+380501235111;2007-05-23;18
st20250822;Anastasiia;Boiko;Oleksandrivna;1;2025-09-01;3;f006;sp022;CONTRACT;ACTIVE;a.boiko@ukma.edu.ua;+380501235112;2006-01-04;19
st20250823;Mariia;Ishchenko;Volodymyrivna;1;2025-09-01;3;f006;sp022;CONTRACT;ACTIVE;m.ishchenko@ukma.edu.ua;+380501235113;2007-09-29;17
st20250824;Olena;Shkliaruk;Pavlivna;1;2025-09-01;3;f006;sp022;CONTRACT;ACTIVE;o.shkliaruk@ukma.edu.ua;+380501235114;2006-12-14;18
st20250825;Yelyzaveta;Havrylina;Eduardivna;1;2025-09-01;3;f006;sp022;CONTRACT;ACTIVE;y.havrylina@ukma.edu.ua;+380501235115;2007-03-08;18
st20250826;Oleksandra;Hryhorieva;Kostiantynivna;1;2025-09-01;3;f006;sp022;CONTRACT;ACTIVE;o.hryhorieva@ukma.edu.ua;+380501235116;2006-06-21;19
st20250827;Anastasiia;Husach;Oleksandrivna;1;2025-09-01;3;f006;sp022;CONTRACT;ACTIVE;a.husach@ukma.edu.ua;+380501235117;2007-11-28;17
st20250828;Kseniia;Slobodianiuk;Oleksiivna;1;2025-09-01;3;f006;sp022;CONTRACT;ACTIVE;k.slobodianiuk@ukma.edu.ua;+380501235118;2006-04-15;19
st20250829;Iryna;Remeniuk;Yevhenivna;1;2025-09-01;4;f006;sp022;CONTRACT;ACTIVE;i.remeniuk@ukma.edu.ua;+380501235119;2007-08-01;18
st20250830;Veronika;Shmaidenko;Ihorivna;1;2025-09-01;4;f006;sp022;CONTRACT;ACTIVE;v.shmaidenko@ukma.edu.ua;+380501235120;2006-12-13;18
st20250831;Varvara;Stepanova;Mykhailivna;1;2025-09-01;4;f006;sp022;CONTRACT;ACTIVE;v.stepanova@ukma.edu.ua;+380501235121;2007-04-26;18
st20250832;Oleksandr;Martynenko;Maksymovych;1;2025-09-01;4;f006;sp022;CONTRACT;ACTIVE;o.martynenko@ukma.edu.ua;+380501235122;2006-06-18;19
st20250833;Nina;Vatakh;Mykhailivna;1;2025-09-01;4;f006;sp022;CONTRACT;ACTIVE;n.vatakh@ukma.edu.ua;+380501235123;2007-11-09;17
st20250834;Oleksandra;Tkachenko;Denysivna;1;2025-09-01;4;f006;sp022;CONTRACT;ACTIVE;o.tkachenko@ukma.edu.ua;+380501235124;2006-03-10;19
st20250835;Mariia;Lebid;Yaroslavivna;1;2025-09-01;4;f006;sp022;CONTRACT;ACTIVE;m.lebid@ukma.edu.ua;+380501235125;2007-08-27;18
st20250836;Liubov;Huz;Vadymivna;1;2025-09-01;4;f006;sp022;CONTRACT;ACTIVE;l.huz@ukma.edu.ua;+380501235126;2006-01-05;19
st20250837;Yelyzaveta;Volkova;Oleksiivna;1;2025-09-01;4;f006;sp022;CONTRACT;ACTIVE;y.volkova@ukma.edu.ua;+380501235127;2007-03-12;18
st20250838;Violetta;Solod;Artemivna;1;2025-09-01;4;f006;sp022;CONTRACT;ACTIVE;v.solod@ukma.edu.ua;+380501235128;2006-11-20;18
st20250839;Artem;Saveliev;Andriiovych;1;2025-09-01;5;f006;sp022;CONTRACT;ACTIVE;a.saveliev@ukma.edu.ua;+380501235129;2007-05-08;18
st20250840;Daria;Vasylyk;Yaroslavivna;1;2025-09-01;5;f006;sp022;CONTRACT;ACTIVE;d.vasylyk@ukma.edu.ua;+380501235130;2006-08-14;19
st20250841;Dominika;Shevchenko;Yevhenivna;1;2025-09-01;5;f006;sp022;CONTRACT;ACTIVE;d.shevchenko@ukma.edu.ua;+380501235131;2007-02-22;18
st20250842;Tetiana;Kucheriava;Oleksiivna;1;2025-09-01;5;f006;sp022;CONTRACT;ACTIVE;t.kucheriava@ukma.edu.ua;+380501235132;2006-12-05;18
st20250843;Yevheniia;Tsvilodub;Maksymivna;1;2025-09-01;5;f006;sp022;CONTRACT;ACTIVE;y.tsvilodub@ukma.edu.ua;+380501235133;2007-09-11;17
st20250844;Illia;Skorobohatov;Denysovych;1;2025-09-01;5;f006;sp022;CONTRACT;ACTIVE;i.skorobohatov@ukma.edu.ua;+380501235134;2006-10-27;18
st20250845;Anastasiia;Korovina;Oleksiivna;1;2025-09-01;5;f006;sp022;CONTRACT;ACTIVE;a.korovina@ukma.edu.ua;+380501235135;2007-04-16;18
st20250846;Liana;Ponomarenko;Serhiivna;1;2025-09-01;5;f006;sp022;CONTRACT;ACTIVE;l.ponomarenko@ukma.edu.ua;+380501235136;2006-07-03;19
st20250847;Maksym;Liubovitskyi;Yuriiovych;1;2025-09-01;5;f006;sp022;CONTRACT;ACTIVE;m.liubovitskyi@ukma.edu.ua;+380501235137;2007-05-19;18
st20250848;Halina;Babaian;Romanosivna;1;2025-09-01;5;f006;sp022;CONTRACT;ACTIVE;h.babaian@ukma.edu.ua;+380501235138;2006-09-24;18
st20250849;Myroslava;Symonenko;Viacheslavivna;1;2025-09-01;6;f006;sp022;CONTRACT;ACTIVE;m.symonenko@ukma.edu.ua;+380501235139;2007-03-31;18
st20250850;Anna;Kushneruk;Oleksandrivna;1;2025-09-01;6;f006;sp022;CONTRACT;ACTIVE;a.kushneruk@ukma.edu.ua;+380501235140;2006-01-09;19
st20250851;Yeva;Korniichuk;Serhiivna;1;2025-09-01;6;f006;sp022;CONTRACT;ACTIVE;y.korniichuk@ukma.edu.ua;+380501235141;2007-11-04;17
st20250852;Andrii;Nosykhin;Kostiantynovych;1;2025-09-01;6;f006;sp022;CONTRACT;ACTIVE;a.nosykhin@ukma.edu.ua;+380501235142;2006-08-21;19
st20250853;Sofiia;Dyrda;Viacheslavivna;1;2025-09-01;6;f006;sp022;CONTRACT;ACTIVE;s.dyrda@ukma.edu.ua;+380501235143;2007-06-15;18
st20250854;Sofiia;Budash;Mykhailivna;1;2025-09-01;6;f006;sp022;CONTRACT;ACTIVE;s.budash@ukma.edu.ua;+380501235144;2006-04-30;19
st20250855;Viktoriia;Romaniuk;Olehivna;1;2025-09-01;6;f006;sp022;CONTRACT;ACTIVE;v.romaniuk@ukma.edu.ua;+380501235145;2007-10-12;17
st20250856;Sofiia;Kazimirova-Kryvianchuk;Mykhailivna;1;2025-09-01;6;f006;sp022;CONTRACT;ACTIVE;s.kazimirova-kryvianchuk@ukma.edu.ua;+380501235146;2006-02-28;19
st20250857;Yana;Korniiko;Serhiivna;1;2025-09-01;6;f006;sp022;CONTRACT;ACTIVE;y.korniiko@ukma.edu.ua;+380501235147;2007-07-07;18
st20250858;Yeva;Kuchuryna;Dmytrivna;1;2025-09-01;6;f006;sp022;CONTRACT;ACTIVE;y.kuchuryna@ukma.edu.ua;+380501235148;2006-11-19;18
st20250859;Anna;Nychyk;Viacheslavivna;1;2025-09-01;7;f006;sp022;CONTRACT;ACTIVE;a.nychyk@ukma.edu.ua;+380501235149;2007-05-23;18
st20250860;Dmytro;Sidorov;Dmytrovych;1;2025-09-01;7;f006;sp022;CONTRACT;ACTIVE;d.sidorov@ukma.edu.ua;+380501235150;2006-01-04;19
st20250861;Anastasiia;Horbachova;Yevhenivna;1;2025-09-01;7;f006;sp022;CONTRACT;ACTIVE;a.horbachova@ukma.edu.ua;+380501235151;2007-09-29;17
st20250862;Yana;Borysiuk;Viktorivna;1;2025-09-01;7;f006;sp022;CONTRACT;ACTIVE;y.borysiuk@ukma.edu.ua;+380501235152;2006-12-14;18
st20250863;Anastasiia;Tsybina;Fedorivna;1;2025-09-01;7;f006;sp022;CONTRACT;ACTIVE;a.tsybina@ukma.edu.ua;+380501235153;2007-03-08;18
st20250864;Mariia;Rozenberh;Ihorivna;1;2025-09-01;7;f006;sp022;CONTRACT;ACTIVE;m.rozenberh@ukma.edu.ua;+380501235154;2006-06-21;19
st20250865;Sofiia;Makarevych;Oleksandrivna;1;2025-09-01;7;f006;sp022;CONTRACT;ACTIVE;s.makarevych@ukma.edu.ua;+380501235155;2007-11-28;17
st20250866;Sofiia;Kohut;Mykolaivna;1;2025-09-01;7;f006;sp022;CONTRACT;ACTIVE;s.kohut@ukma.edu.ua;+380501235156;2006-04-15;19
st20250867;Maryna;Domoslavska;Serhiivna;1;2025-09-01;7;f006;sp022;CONTRACT;ACTIVE;m.domoslavska@ukma.edu.ua;+380501235157;2007-08-01;18
st20250868;Anastasiia;Vyhovska;Semenivna;1;2025-09-01;7;f006;sp022;CONTRACT;ACTIVE;a.vyhovska@ukma.edu.ua;+380501235158;2006-12-13;18
st20250869;Karyna;Stovbun;Oleksandrivna;1;2025-09-01;8;f006;sp022;CONTRACT;ACTIVE;k.stovbun@ukma.edu.ua;+380501235159;2007-04-26;18
st20250870;Kseniia;Andrieieva;Vitaliivna;1;2025-09-01;8;f006;sp022;CONTRACT;ACTIVE;k.andrieieva@ukma.edu.ua;+380501235160;2006-06-18;19
st20250871;Yuliia;Hvozdynska;Andriivna;1;2025-09-01;8;f006;sp022;CONTRACT;ACTIVE;y.hvozdynska@ukma.edu.ua;+380501235161;2007-11-09;17
st20250872;Yeva;Leoshek;Yevhenivna;1;2025-09-01;8;f006;sp022;CONTRACT;ACTIVE;y.leoshek@ukma.edu.ua;+380501235162;2006-03-10;19
st20250873;Artem;Kashpurenko;Maksymovych;1;2025-09-01;8;f006;sp022;CONTRACT;ACTIVE;a.kashpurenko@ukma.edu.ua;+380501235163;2007-08-27;18
st20250874;Yuliia;Riabukha;Volodymyrivna;1;2025-09-01;8;f006;sp022;CONTRACT;ACTIVE;y.riabukha@ukma.edu.ua;+380501235164;2006-01-05;19
st20250875;Kira;Kuzmenko;Valeriivna;1;2025-09-01;8;f006;sp022;CONTRACT;ACTIVE;k.kuzmenko@ukma.edu.ua;+380501235165;2007-03-12;18


st20250876;Olesia-Ivanna;Fialka;Petrivna;1;2025-09-01;1;f006;sp023;BUDGET;ACTIVE;o.fialka@ukma.edu.ua;+380501235166;2006-11-20;18
st20250877;Oleh;Novytskyi;Yuriiovych;1;2025-09-01;1;f006;sp023;BUDGET;ACTIVE;o.novytskyi@ukma.edu.ua;+380501235167;2007-05-08;18
st20250878;Daria;Shvachko;Viacheslavivna;1;2025-09-01;1;f006;sp023;BUDGET;ACTIVE;d.shvachko@ukma.edu.ua;+380501235168;2006-08-14;19
st20250879;Mariia;Syniavska;Oleksandrivna;1;2025-09-01;1;f006;sp023;BUDGET;ACTIVE;m.syniavska@ukma.edu.ua;+380501235169;2007-02-22;18
st20250880;Diana;Anufriieva;Andriivna;1;2025-09-01;1;f006;sp023;BUDGET;ACTIVE;d.anufriieva@ukma.edu.ua;+380501235170;2006-12-05;18
st20250881;Polina;Borodavkina;Andriivna;1;2025-09-01;1;f006;sp023;BUDGET;ACTIVE;p.borodavkina@ukma.edu.ua;+380501235171;2007-09-11;17
st20250882;Yevheniia;Khomenko;Vitaliivna;1;2025-09-01;1;f006;sp023;BUDGET;ACTIVE;y.khomenko@ukma.edu.ua;+380501235172;2006-10-27;18
st20250883;Snizhana;Ivantsova;Mykhailivna;1;2025-09-01;1;f006;sp023;BUDGET;ACTIVE;s.ivantsova@ukma.edu.ua;+380501235173;2007-04-16;18
st20250884;Hanna;Horobets;Tarasivna;1;2025-09-01;2;f006;sp023;BUDGET;ACTIVE;h.horobets@ukma.edu.ua;+380501235174;2006-07-03;19
st20250885;Yaromyr;Rodin;Viacheslavovych;1;2025-09-01;2;f006;sp023;BUDGET;ACTIVE;y.rodin@ukma.edu.ua;+380501235175;2007-05-19;18
st20250886;Diana;Savchuk;Ruslanivna;1;2025-09-01;2;f006;sp023;BUDGET;ACTIVE;d.savchuk@ukma.edu.ua;+380501235176;2006-09-24;18
st20250887;Arina;Fedorova;Tarasivna;1;2025-09-01;2;f006;sp023;BUDGET;ACTIVE;a.fedorova@ukma.edu.ua;+380501235177;2007-03-31;18
st20250888;Anastasiia;Bohdanovska;Serhiivna;1;2025-09-01;2;f006;sp023;BUDGET;ACTIVE;a.bohdanovska@ukma.edu.ua;+380501235178;2006-01-09;19
st20250889;Amina-Sofiia;Kyivska;Kostiantynivna;1;2025-09-01;2;f006;sp023;BUDGET;ACTIVE;a.kyivska@ukma.edu.ua;+380501235179;2007-11-04;17
st20250890;Anastasiia;Stepanenko;Oleksandrivna;1;2025-09-01;2;f006;sp023;BUDGET;ACTIVE;a.stepanenko@ukma.edu.ua;+380501235180;2006-08-21;19
st20250891;Anastasiia;Kmilovska;Oleksiivna;1;2025-09-01;2;f006;sp023;BUDGET;ACTIVE;a.kmilovska@ukma.edu.ua;+380501235181;2007-06-15;18
st20250892;Valerii;Opanasiuk;Valeriiovych;1;2025-09-01;2;f006;sp023;BUDGET;ACTIVE;v.opanasiuk@ukma.edu.ua;+380501235182;2006-04-30;19
st20250893;Sofiia;Rudenko;Yuriivna;1;2025-09-01;2;f006;sp023;CONTRACT;ACTIVE;s.rudenko@ukma.edu.ua;+380501235183;2007-10-12;17
st20250894;Oleksii;Porazhynskyi;Yuriiovych;1;2025-09-01;3;f006;sp023;CONTRACT;ACTIVE;o.porazhynskyi@ukma.edu.ua;+380501235184;2006-02-28;19
st20250895;Nazar;Polishchuk;Anatoliiovych;1;2025-09-01;3;f006;sp023;CONTRACT;ACTIVE;n.polishchuk@ukma.edu.ua;+380501235185;2007-07-07;18


st20250896;Sofiia;Stefanychyn;Vitaliivna;1;2025-09-01;1;f006;sp024;BUDGET;ACTIVE;s.stefanychyn@ukma.edu.ua;+380501235186;2006-11-19;18
st20250897;Arina;Rukhtina;Oleksivna;1;2025-09-01;1;f006;sp024;BUDGET;ACTIVE;a.rukhtina@ukma.edu.ua;+380501235187;2007-05-23;18
st20250898;Daryna;Ivanova;Serhiivna;1;2025-09-01;1;f006;sp024;BUDGET;ACTIVE;d.ivanova@ukma.edu.ua;+380501235188;2006-01-04;19
st20250899;Uliana;Kucherenko;Andriivna;1;2025-09-01;1;f006;sp024;BUDGET;ACTIVE;u.kucherenko@ukma.edu.ua;+380501235189;2007-09-29;17
st20250900;Anna;Babenko;Andriivna;1;2025-09-01;1;f006;sp024;BUDGET;ACTIVE;a.babenko@ukma.edu.ua;+380501235190;2006-12-14;18
st20250901;Polina;Kudlai;Serhiivna;1;2025-09-01;1;f006;sp024;BUDGET;ACTIVE;p.kudlai@ukma.edu.ua;+380501235191;2007-03-08;18
st20250902;Daria;Labuzova;Oleksandrivna;1;2025-09-01;1;f006;sp024;BUDGET;ACTIVE;d.labuzova@ukma.edu.ua;+380501235192;2006-06-21;19
st20250903;Polina;Didenko;Kostiantynivna;1;2025-09-01;1;f006;sp024;CONTRACT;ACTIVE;p.didenko@ukma.edu.ua;+380501235193;2007-11-28;17
st20250904;Marharyta;Balatska;Yuriivna;1;2025-09-01;1;f006;sp024;CONTRACT;ACTIVE;m.balatska@ukma.edu.ua;+380501235194;2006-04-15;19
st20250905;Viktoriia;Haluzinska;Vitaliivna;1;2025-09-01;1;f006;sp024;CONTRACT;ACTIVE;v.haluzinska@ukma.edu.ua;+380501235195;2007-08-01;18
st20250906;Anastasiia;Hovorukha;Maksymivna;1;2025-09-01;2;f006;sp024;CONTRACT;ACTIVE;a.hovorukha@ukma.edu.ua;+380501235196;2006-12-13;18
st20250907;Oleksandra;Krasheninnikova;Oleksiivna;1;2025-09-01;2;f006;sp024;CONTRACT;ACTIVE;o.krasheninnikova@ukma.edu.ua;+380501235197;2007-04-26;18
st20250908;Yaryna;Petrova;Oleksandrivna;1;2025-09-01;2;f006;sp024;CONTRACT;ACTIVE;y.petrova@ukma.edu.ua;+380501235198;2006-06-18;19
st20250909;Kristina;Androniichuk;Romanivna;1;2025-09-01;2;f006;sp024;CONTRACT;ACTIVE;k.androniichuk@ukma.edu.ua;+380501235199;2007-11-09;17
st20250910;Yelyzaveta;Pinchuk;Stanislavivna;1;2025-09-01;2;f006;sp024;CONTRACT;ACTIVE;y.pinchuk@ukma.edu.ua;+380501235200;2006-03-10;19
st20250911;Yeva;Horban;Oleksiivna;1;2025-09-01;2;f006;sp024;CONTRACT;ACTIVE;y.horban@ukma.edu.ua;+380501235201;2007-08-27;18
st20250912;Yuliia;Kraieva;Oleksandrivna;1;2025-09-01;2;f006;sp024;CONTRACT;ACTIVE;y.kraieva@ukma.edu.ua;+380501235202;2006-01-05;19
st20250913;Oleksandra;Naduieva;Volodymyrivna;1;2025-09-01;2;f006;sp024;CONTRACT;ACTIVE;o.naduieva@ukma.edu.ua;+380501235203;2007-03-12;18
st20250914;Yelyzaveta;Dalenko;Serhiivna;1;2025-09-01;2;f006;sp024;CONTRACT;ACTIVE;y.dalenko@ukma.edu.ua;+380501235204;2006-11-20;18
st20250915;Yelyzaveta;Shliakhova;Valeriivna;1;2025-09-01;2;f006;sp024;CONTRACT;ACTIVE;y.shliakhova@ukma.edu.ua;+380501235205;2007-05-08;18
st20250916;Anastasiia;Havrylova;Yuriivna;1;2025-09-01;3;f006;sp024;CONTRACT;ACTIVE;a.havrylova@ukma.edu.ua;+380501235206;2006-08-14;19
st20250917;Maryna;Omelianenko;Oleksandrivna;1;2025-09-01;3;f006;sp024;CONTRACT;ACTIVE;m.omelianenko@ukma.edu.ua;+380501235207;2007-02-22;18
st20250918;Yevheniia;Mishchenko;Yevhenivna;1;2025-09-01;3;f006;sp024;CONTRACT;ACTIVE;y.mishchenko@ukma.edu.ua;+380501235208;2006-12-05;18
st20250919;Mariia;Popova;Oleksandrivna;1;2025-09-01;3;f006;sp024;CONTRACT;ACTIVE;m.popova@ukma.edu.ua;+380501235209;2007-09-11;17
st20250920;Daryna;Chala;Yuriivna;1;2025-09-01;3;f006;sp024;CONTRACT;ACTIVE;d.chala@ukma.edu.ua;+380501235210;2006-10-27;18
st20250921;Yeva;Nelipa;Andriivna;1;2025-09-01;3;f006;sp024;CONTRACT;ACTIVE;y.nelipa@ukma.edu.ua;+380501235211;2007-04-16;18
st20250922;Kseniia;Hromyko;Olehivna;1;2025-09-01;3;f006;sp024;CONTRACT;ACTIVE;k.hromyko@ukma.edu.ua;+380501235212;2006-07-03;19
st20250923;Karyna;Horkun;Yevhenivna;1;2025-09-01;3;f006;sp024;CONTRACT;ACTIVE;k.horkun@ukma.edu.ua;+380501235213;2007-05-19;18
st20250924;Hanna;Starovytska;Serhiivna;1;2025-09-01;3;f006;sp024;CONTRACT;ACTIVE;h.starovytska@ukma.edu.ua;+380501235214;2006-09-24;18
st20250925;Kseniia;Voronkova;Serhiivna;1;2025-09-01;3;f006;sp024;CONTRACT;ACTIVE;k.voronkova@ukma.edu.ua;+380501235215;2007-03-31;18
st20250926;Sofiia;Skobelska;Serhiivna;1;2025-09-01;4;f006;sp024;CONTRACT;ACTIVE;s.skobelska@ukma.edu.ua;+380501235216;2006-01-09;19
st20250927;Veronika;Ratynska;Viacheslavivna;1;2025-09-01;4;f006;sp024;CONTRACT;ACTIVE;v.ratynska@ukma.edu.ua;+380501235217;2007-11-04;17
st20250928;Mariia;Behmat;Oleksandrivna;1;2025-09-01;4;f006;sp024;CONTRACT;ACTIVE;m.behmat@ukma.edu.ua;+380501235218;2006-08-21;19
st20250929;Kyryl;Harnaha;Maksymovych;1;2025-09-01;4;f006;sp024;CONTRACT;ACTIVE;k.harnaha@ukma.edu.ua;+380501235219;2007-06-15;18
st20250930;Dariia;Tkachenko;Volodymyrivna;1;2025-09-01;4;f006;sp024;CONTRACT;ACTIVE;d.tkachenko@ukma.edu.ua;+380501235220;2006-04-30;19
st20250931;Sofiia;Pantieieva;Denysivna;1;2025-09-01;4;f006;sp024;CONTRACT;ACTIVE;s.pantieieva@ukma.edu.ua;+380501235221;2007-10-12;17
st20250932;Anastasiia;Abramova;Oleksivna;1;2025-09-01;4;f006;sp024;CONTRACT;ACTIVE;a.abramova@ukma.edu.ua;+380501235222;2006-02-28;19
st20250933;Kseniia;Muravska;Serhiivna;1;2025-09-01;4;f006;sp024;CONTRACT;ACTIVE;k.muravska@ukma.edu.ua;+380501235223;2007-07-07;18
st20250934;Karina;Pauk;Illivna;1;2025-09-01;4;f006;sp024;CONTRACT;ACTIVE;k.pauk@ukma.edu.ua;+380501235224;2006-11-19;18
st20250935;Veronika;Kozhyna;Dmytrivna;1;2025-09-01;4;f006;sp024;CONTRACT;ACTIVE;v.kozhyna@ukma.edu.ua;+380501235225;2007-05-23;18
st20250936;Kateryna;Romanova;Pavlivna;1;2025-09-01;5;f006;sp024;CONTRACT;ACTIVE;k.romanova@ukma.edu.ua;+380501235226;2006-01-04;19
st20250937;Sofiia;Hushieva;Viktorivna;1;2025-09-01;5;f006;sp024;CONTRACT;ACTIVE;s.hushieva@ukma.edu.ua;+380501235227;2007-09-29;17
st20250938;Tetiana;Overchuk;Viktorivna;1;2025-09-01;5;f006;sp024;CONTRACT;ACTIVE;t.overchuk@ukma.edu.ua;+380501235228;2006-12-14;18
st20250939;Anna;Korol;Yevhenivna;1;2025-09-01;5;f006;sp024;CONTRACT;ACTIVE;a.korol@ukma.edu.ua;+380501235229;2007-03-08;18
st20250940;Yelyzaveta;Barylska;Yuriivna;1;2025-09-01;5;f006;sp024;CONTRACT;ACTIVE;y.barylska@ukma.edu.ua;+380501235230;2006-06-21;19
st20250941;Anastasiia;Skrypkina;Ihorivna;1;2025-09-01;5;f006;sp024;CONTRACT;ACTIVE;a.skrypkina@ukma.edu.ua;+380501235231;2007-11-28;17
st20250942;Poliina;Yaremenko;Romanivna;1;2025-09-01;5;f006;sp024;CONTRACT;ACTIVE;p.yaremenko@ukma.edu.ua;+380501235232;2006-04-15;19
st20250943;Yana;Denysiuk;Vasylivna;1;2025-09-01;5;f006;sp024;CONTRACT;ACTIVE;y.denysiuk@ukma.edu.ua;+380501235233;2007-08-01;18
st20250944;Ivanna;Ivanenko;Ihorivna;1;2025-09-01;5;f006;sp024;CONTRACT;ACTIVE;i.ivanenko@ukma.edu.ua;+380501235234;2006-12-13;18
st20250945;Olena;Vlasiuk;Oleksandrivna;1;2025-09-01;5;f006;sp024;CONTRACT;ACTIVE;o.vlasiuk@ukma.edu.ua;+380501235235;2007-04-26;18
st20250946;Nazar;Dziuba;Serhiiovych;1;2025-09-01;6;f006;sp024;CONTRACT;ACTIVE;n.dziuba@ukma.edu.ua;+380501235236;2006-06-18;19
st20250947;Kateryna;Babak;Oleksandrivna;1;2025-09-01;6;f006;sp024;CONTRACT;ACTIVE;k.babak@ukma.edu.ua;+380501235237;2007-11-09;17
st20250948;Tala;Polishchuk;Volodymyrivna;1;2025-09-01;6;f006;sp024;CONTRACT;ACTIVE;t.polishchuk@ukma.edu.ua;+380501235238;2006-03-10;19
st20250949;Veronika;Dmytryk;Serhiivna;1;2025-09-01;6;f006;sp024;CONTRACT;ACTIVE;v.dmytryk@ukma.edu.ua;+380501235239;2007-08-27;18
st20250950;Anna;Melnyk;Yaroslavivna;1;2025-09-01;6;f006;sp024;CONTRACT;ACTIVE;a.melnyk@ukma.edu.ua;+380501235240;2006-01-05;19
st20250951;Yeva;Duda;Viktorivna;1;2025-09-01;6;f006;sp024;CONTRACT;ACTIVE;y.duda@ukma.edu.ua;+380501235241;2007-03-12;18
st20250952;Matvii;Vovk;Yaroslavovych;1;2025-09-01;6;f006;sp024;CONTRACT;ACTIVE;m.vovk@ukma.edu.ua;+380501235242;2006-11-20;18
st20250953;Viktoriia;Demchuk;Ihorivna;1;2025-09-01;6;f006;sp024;CONTRACT;ACTIVE;v.demchuk@ukma.edu.ua;+380501235243;2007-05-08;18
st20250954;Vladyslava;Panicherska;Vitaliivna;1;2025-09-01;6;f006;sp024;CONTRACT;ACTIVE;v.panicherska@ukma.edu.ua;+380501235244;2006-08-14;19
st20250955;Valeriia;Hromykovska;Oleksiivna;1;2025-09-01;6;f006;sp024;CONTRACT;ACTIVE;v.hromykovska@ukma.edu.ua;+380501235245;2007-02-22;18
st20250956;Emiliia;Ruzhevych;Romanivna;1;2025-09-01;7;f006;sp024;CONTRACT;ACTIVE;e.ruzhevych@ukma.edu.ua;+380501235246;2006-12-05;18
st20250957;Daria;Kladko;Oleksandrivna;1;2025-09-01;7;f006;sp024;CONTRACT;ACTIVE;d.kladko@ukma.edu.ua;+380501235247;2007-09-11;17
st20250958;Liliia;Lehka;Oleksandrivna;1;2025-09-01;7;f006;sp024;CONTRACT;ACTIVE;l.lehka@ukma.edu.ua;+380501235248;2006-10-27;18
st20250959;Mariia;Smolkova;Serhiivna;1;2025-09-01;7;f006;sp024;CONTRACT;ACTIVE;m.smolkova@ukma.edu.ua;+380501235249;2007-04-16;18
st20250960;Hanna;Vashchuk;Oleksandrivna;1;2025-09-01;7;f006;sp024;CONTRACT;ACTIVE;h.vashchuk@ukma.edu.ua;+380501235250;2006-07-03;19
st20250961;Oleksandra;Pypot;Mykhailivna;1;2025-09-01;7;f006;sp024;CONTRACT;ACTIVE;o.pypot@ukma.edu.ua;+380501235251;2007-05-19;18
st20250962;Ahnesa;Petrosian;Akopivna;1;2025-09-01;7;f006;sp024;CONTRACT;ACTIVE;a.petrosian@ukma.edu.ua;+380501235252;2006-09-24;18
st20250963;Myroslava;Chornat;Serhiivna;1;2025-09-01;7;f006;sp024;CONTRACT;ACTIVE;m.chornat@ukma.edu.ua;+380501235253;2007-03-31;18
st20250964;Poliina;Stukan;Serhiivna;1;2025-09-01;7;f006;sp024;CONTRACT;ACTIVE;p.stukan@ukma.edu.ua;+380501235254;2006-01-09;19
st20250965;Karolina;Shevchenko;Antonivna;1;2025-09-01;7;f006;sp024;CONTRACT;ACTIVE;k.shevchenko@ukma.edu.ua;+380501235255;2007-11-04;17
st20250966;Solomiia;Dziubynska;Ihorivna;1;2025-09-01;8;f006;sp024;CONTRACT;ACTIVE;s.dziubynska@ukma.edu.ua;+380501235256;2006-04-30;19
st20250967;Mariia;Parko;Oleksandrivna;1;2025-09-01;8;f006;sp024;CONTRACT;ACTIVE;m.parko@ukma.edu.ua;+380501235257;2007-10-12;17
st20250968;Sofiia;Fedochenko;Mykolaivna;1;2025-09-01;8;f006;sp024;CONTRACT;ACTIVE;s.fedochenko@ukma.edu.ua;+380501235258;2006-02-28;19
st20250969;Illia;Bolshun;Valentynovych;1;2025-09-01;8;f006;sp024;CONTRACT;ACTIVE;i.bolshun@ukma.edu.ua;+380501235259;2007-07-07;18
st20250970;Tetiana;Arkusha;Serhiivna;1;2025-09-01;8;f006;sp024;CONTRACT;ACTIVE;t.arkusha@ukma.edu.ua;+380501235260;2006-11-19;18
st20250971;Anastasiia;Vovk;Dmytrivna;1;2025-09-01;8;f006;sp024;CONTRACT;ACTIVE;a.vovk@ukma.edu.ua;+380501235261;2007-05-23;18
st20250972;Larysa;Irzhytska;Yuriivna;1;2025-09-01;8;f006;sp024;CONTRACT;ACTIVE;l.irzhytska@ukma.edu.ua;+380501235262;2006-01-04;19
st20250973;Veronika;Nyrka;Ihorivna;1;2025-09-01;8;f006;sp024;CONTRACT;ACTIVE;v.nyrka@ukma.edu.ua;+380501235263;2007-09-29;17
st20250974;Anna;Malonos;Dmytrivna;1;2025-09-01;8;f006;sp024;CONTRACT;ACTIVE;a.malonos@ukma.edu.ua;+380501235264;2006-12-14;18
st20250975;Anna;Badaieva;Serhiivna;1;2025-09-01;8;f006;sp024;CONTRACT;ACTIVE;a.badaieva@ukma.edu.ua;+380501235265;2007-03-08;18
st20250976;Yuliia;Ilnytska;Oleksandrivna;1;2025-09-01;9;f006;sp024;CONTRACT;ACTIVE;y.ilnytska@ukma.edu.ua;+380501235266;2006-07-21;19
st20250977;Kristina;Yanchuk;Valeriivna;1;2025-09-01;9;f006;sp024;CONTRACT;ACTIVE;k.yanchuk@ukma.edu.ua;+380501235267;2007-01-11;18
st20250978;Karina;Halyha;Bohdanivna;1;2025-09-01;9;f006;sp024;CONTRACT;ACTIVE;k.halyha@ukma.edu.ua;+380501235268;2006-06-25;19
st20250979;Uliana;Nesterenko;Antonivna;1;2025-09-01;9;f006;sp024;CONTRACT;ACTIVE;u.nesterenko@ukma.edu.ua;+380501235269;2007-02-05;18
st20250980;Oleksandra;Patsiorna;Volodymyrivna;1;2025-09-01;9;f006;sp024;CONTRACT;ACTIVE;o.patsiorna@ukma.edu.ua;+380501235270;2006-08-16;19
st20250981;Yevheniia;Slobodian;Yevhenivna;1;2025-09-01;9;f006;sp024;CONTRACT;ACTIVE;y.slobodian@ukma.edu.ua;+380501235271;2007-11-04;17
st20250982;Anna;Zaslavska;Yaroslavivna;1;2025-09-01;9;f006;sp024;CONTRACT;ACTIVE;a.zaslavska@ukma.edu.ua;+380501235272;2006-04-19;19
st20250983;Diana;Barabash;Vasylivna;1;2025-09-01;9;f006;sp024;CONTRACT;ACTIVE;d.barabash@ukma.edu.ua;+380501235273;2007-10-09;17
st20250984;Oleksandra;Antoniuk;Serhiivna;1;2025-09-01;9;f006;sp024;CONTRACT;ACTIVE;o.antoniuk@ukma.edu.ua;+380501235274;2006-06-25;19


st20250985;Dariia;Stepanenko;Petrivna;1;2025-09-01;1;f006;sp025;BUDGET;ACTIVE;d.stepanenko@ukma.edu.ua;+380501235275;2007-02-05;18
st20250986;Sofiia;Pliasova;Denysivna;1;2025-09-01;1;f006;sp025;BUDGET;ACTIVE;s.pliasova@ukma.edu.ua;+380501235276;2006-01-11;19
st20250987;Daria;Kyrychenko;Ivanivna;1;2025-09-01;1;f006;sp025;BUDGET;ACTIVE;d.kyrychenko@ukma.edu.ua;+380501235277;2007-05-29;18
st20250988;Roman;Khalaim;Olesovych;1;2025-09-01;1;f006;sp025;BUDGET;ACTIVE;r.khalaim@ukma.edu.ua;+380501235278;2006-12-02;18
st20250989;Olha;Kaidanovych;Valeriivna;1;2025-09-01;1;f006;sp025;BUDGET;ACTIVE;o.kaidanovych@ukma.edu.ua;+380501235279;2007-09-17;17
st20250990;Anastasiia;Lototska;Hennadiivna;1;2025-09-01;1;f006;sp025;BUDGET;ACTIVE;a.lototska@ukma.edu.ua;+380501235280;2006-08-22;19
st20250991;Volodymyr;Yaroshenko;Volodymyrovych;1;2025-09-01;1;f006;sp025;BUDGET;ACTIVE;v.yaroshenko@ukma.edu.ua;+380501235281;2007-03-08;18
st20250992;Melaniia-Anna;Huk;Andriivna;1;2025-09-01;1;f006;sp025;BUDGET;ACTIVE;m.huk@ukma.edu.ua;+380501235282;2006-10-31;18
st20250993;Mariia;Dushko;Kyrylivna;1;2025-09-01;1;f006;sp025;BUDGET;ACTIVE;m.dushko@ukma.edu.ua;+380501235283;2007-07-14;18
st20250994;Arina;Yaremchuk;Ruslanivna;1;2025-09-01;1;f006;sp025;BUDGET;ACTIVE;a.yaremchuk@ukma.edu.ua;+380501235284;2006-05-03;19
st20250995;Maksym;Rubchak;Mykolaiovych;1;2025-09-01;2;f006;sp025;BUDGET;ACTIVE;m.rubchak@ukma.edu.ua;+380501235285;2007-11-26;17
st20250996;Kateryna;Ismailova;Rakhativna;1;2025-09-01;2;f006;sp025;BUDGET;ACTIVE;k.ismailova@ukma.edu.ua;+380501235286;2006-02-18;19
st20250997;Sofiia;Rusenko;Kostiantynivna;1;2025-09-01;2;f006;sp025;BUDGET;ACTIVE;s.rusenko@ukma.edu.ua;+380501235287;2007-04-10;18
st20250998;Evelina;Kupriienko;Yevheniivna;1;2025-09-01;2;f006;sp025;BUDGET;ACTIVE;e.kupriienko@ukma.edu.ua;+380501235288;2006-12-08;18
st20250999;Veronika;Shupylo;Ruslanivna;1;2025-09-01;2;f006;sp025;BUDGET;ACTIVE;v.shupylo@ukma.edu.ua;+380501235289;2007-08-16;18
st20251000;Yana;Senkiv;Andriivna;1;2025-09-01;2;f006;sp025;CONTRACT;ACTIVE;y.senkiv@ukma.edu.ua;+380501235290;2006-06-02;19
st20251001;Yeva;Shevchenko;Tarasivna;1;2025-09-01;2;f006;sp025;CONTRACT;ACTIVE;y.shevchenko@ukma.edu.ua;+380501235291;2007-01-22;18
st20251002;Mykhailo;Sapozhnyk;Mykolaiovych;1;2025-09-01;2;f006;sp025;CONTRACT;ACTIVE;m.sapozhnyk@ukma.edu.ua;+380501235292;2006-09-14;18
st20251003;Sofiia;Yushchenko;Tarasivna;1;2025-09-01;2;f006;sp025;CONTRACT;ACTIVE;s.yushchenko@ukma.edu.ua;+380501235293;2007-10-28;17
st20251004;Yelyzaveta;Popovych;Bohdanivna;1;2025-09-01;2;f006;sp025;CONTRACT;ACTIVE;y.popovych@ukma.edu.ua;+380501235294;2006-03-05;19
st20251005;Oleksandra;Kiiutina;Pavlivna;1;2025-09-01;3;f006;sp025;CONTRACT;ACTIVE;o.kiiutina@ukma.edu.ua;+380501235295;2007-05-11;18
st20251006;Denys;Reva;Rustamovych;1;2025-09-01;3;f006;sp025;CONTRACT;ACTIVE;d.reva@ukma.edu.ua;+380501235296;2006-11-20;18
st20251007;Uliana;Honcharuk;Olehivna;1;2025-09-01;3;f006;sp025;CONTRACT;ACTIVE;u.honcharuk@ukma.edu.ua;+380501235297;2007-07-03;18
st20251008;Tetiana;Chaban;Viacheslavivna;1;2025-09-01;3;f006;sp025;CONTRACT;ACTIVE;t.chaban@ukma.edu.ua;+380501235298;2006-01-29;19
st20251009;Yehor;Pohrebniak;Oleksiiovych;1;2025-09-01;3;f006;sp025;CONTRACT;ACTIVE;y.pohrebniak@ukma.edu.ua;+380501235299;2007-02-15;18
st20251010;Yelyzaveta;Hutsol;Andriivna;1;2025-09-01;3;f006;sp025;CONTRACT;ACTIVE;y.hutsol@ukma.edu.ua;+380501235300;2006-08-01;19
st20251011;Oleksandra;Yakimenko;Yehorivna;1;2025-09-01;3;f006;sp025;CONTRACT;ACTIVE;o.yakimenko@ukma.edu.ua;+380501235301;2007-09-08;17
st20251012;Sofiia;Hrynkiv;Romanivna;1;2025-09-01;3;f006;sp025;CONTRACT;ACTIVE;s.hrynkiv@ukma.edu.ua;+380501235302;2006-12-13;18
st20251013;Poliina;Kurbal;Mykhailivna;1;2025-09-01;3;f006;sp025;CONTRACT;ACTIVE;p.kurbal@ukma.edu.ua;+380501235303;2007-04-26;18
st20251014;Mariia;Hrabova;Volodymyrivna;1;2025-09-01;3;f006;sp025;CONTRACT;ACTIVE;m.hrabova@ukma.edu.ua;+380501235304;2006-06-18;19
st20251015;Anastasiia;Vaskovska;Oleksiivna;1;2025-09-01;4;f006;sp025;CONTRACT;ACTIVE;a.vaskovska@ukma.edu.ua;+380501235305;2007-11-09;17
st20251016;Yelyzaveta;Perelot;Volodymyrivna;1;2025-09-01;4;f006;sp025;CONTRACT;ACTIVE;y.perelot@ukma.edu.ua;+380501235306;2006-03-10;19
st20251017;Yeva;Chernova;Denysivna;1;2025-09-01;4;f006;sp025;CONTRACT;ACTIVE;y.chernova@ukma.edu.ua;+380501235307;2007-08-27;18
st20251018;Sofiia;Konchyts;Volodymyrivna;1;2025-09-01;4;f006;sp025;CONTRACT;ACTIVE;s.konchyts@ukma.edu.ua;+380501235308;2006-01-05;19
st20251019;Yelyzaveta;Mezentseva;Volodymyrivna;1;2025-09-01;4;f006;sp025;CONTRACT;ACTIVE;y.mezentseva@ukma.edu.ua;+380501235309;2007-03-12;18
st20251020;Sofiia;Kalinichenko;Vasylivna;1;2025-09-01;4;f006;sp025;CONTRACT;ACTIVE;s.kalinichenko@ukma.edu.ua;+380501235310;2006-11-20;18
st20251021;Alina;Antoniuk;Denysivna;1;2025-09-01;4;f006;sp025;CONTRACT;ACTIVE;a.antoniuk@ukma.edu.ua;+380501235311;2007-05-08;18
st20251022;Veronika;Shevchenko;Oleksandrivna;1;2025-09-01;4;f006;sp025;CONTRACT;ACTIVE;v.shevchenko@ukma.edu.ua;+380501235312;2006-08-14;19
st20251023;Anastasiia;Bahinska;Vitaliivna;1;2025-09-01;4;f006;sp025;CONTRACT;ACTIVE;a.bahinska@ukma.edu.ua;+380501235313;2007-02-22;18
st20251024;Kateryna;Pavlova;Vadymivna;1;2025-09-01;4;f006;sp025;CONTRACT;ACTIVE;k.pavlova@ukma.edu.ua;+380501235314;2006-12-05;18
st20251025;Sofya;Husakova;Oleksiivna;1;2025-09-01;5;f006;sp025;CONTRACT;ACTIVE;s.husakova@ukma.edu.ua;+380501235315;2007-09-11;17
st20251026;Yeva;Podoliak;Oleksandrivna;1;2025-09-01;5;f006;sp025;CONTRACT;ACTIVE;y.podoliak@ukma.edu.ua;+380501235316;2006-10-27;18
st20251027;Tymofii;Antonov;Yevhenovych;1;2025-09-01;5;f006;sp025;CONTRACT;ACTIVE;t.antonov@ukma.edu.ua;+380501235317;2007-04-16;18
st20251028;Anna;Kriuchkova;Oleksandrivna;1;2025-09-01;5;f006;sp025;CONTRACT;ACTIVE;a.kriuchkova@ukma.edu.ua;+380501235318;2006-07-03;19
st20251029;Anastasiia;Koval;Romanivna;1;2025-09-01;5;f006;sp025;CONTRACT;ACTIVE;a.koval@ukma.edu.ua;+380501235319;2007-05-19;18
st20251030;Veronika;Polyvach;Viktorivna;1;2025-09-01;5;f006;sp025;CONTRACT;ACTIVE;v.polyvach@ukma.edu.ua;+380501235320;2006-09-24;18
st20251031;Sofiia;Tsvietkova;Kostiantynivna;1;2025-09-01;5;f006;sp025;CONTRACT;ACTIVE;s.tsvietkova@ukma.edu.ua;+380501235321;2007-03-31;18
st20251032;Izabella;Domuz;Oleksandrivna;1;2025-09-01;5;f006;sp025;CONTRACT;ACTIVE;i.domuz@ukma.edu.ua;+380501235322;2006-01-09;19
st20251033;Daryna;Burlaka;Vasylivna;1;2025-09-01;5;f006;sp025;CONTRACT;ACTIVE;d.burlaka@ukma.edu.ua;+380501235323;2007-11-04;17
st20251034;Mariia;Pavlova;Andriivna;1;2025-09-01;5;f006;sp025;CONTRACT;ACTIVE;m.pavlova@ukma.edu.ua;+380501235324;2006-08-21;19
st20251035;Veronika;Potapska;Oleksiivna;1;2025-09-01;6;f006;sp025;CONTRACT;ACTIVE;v.potapska@ukma.edu.ua;+380501235325;2007-06-15;18
st20251036;Karolina;Shurpylo;Serhiivna;1;2025-09-01;6;f006;sp025;CONTRACT;ACTIVE;k.shurpylo@ukma.edu.ua;+380501235326;2006-04-30;19
st20251037;Iryna;Virych;Viacheslavivna;1;2025-09-01;6;f006;sp025;CONTRACT;ACTIVE;i.virych@ukma.edu.ua;+380501235327;2007-10-12;17
st20251038;Sofiia;Karpova;Artemivna;1;2025-09-01;6;f006;sp025;CONTRACT;ACTIVE;s.karpova@ukma.edu.ua;+380501235328;2006-02-28;19
st20251039;Anastasiia;Kyrstia;Oleksandrivna;1;2025-09-01;6;f006;sp025;CONTRACT;ACTIVE;a.kyrstia@ukma.edu.ua;+380501235329;2007-07-07;18
st20251040;Veronika;Tatarova;Olehivna;1;2025-09-01;6;f006;sp025;CONTRACT;ACTIVE;v.tatarova@ukma.edu.ua;+380501235330;2006-11-12;18
st20251041;Solomiia;Boiko;Vasylivna;1;2025-09-01;6;f006;sp025;CONTRACT;ACTIVE;s.boiko@ukma.edu.ua;+380501235331;2007-08-04;18
st20251042;Poliina;Kuzmina;Andriivna;1;2025-09-01;6;f006;sp025;CONTRACT;ACTIVE;p.kuzmina@ukma.edu.ua;+380501235332;2006-04-19;19
st20251043;Iryna;Bihun;Volodymyrivna;1;2025-09-01;6;f006;sp025;CONTRACT;ACTIVE;i.bihun@ukma.edu.ua;+380501235333;2007-10-09;17
st20251044;Viktoriia;Savenko;Vasylivna;1;2025-09-01;6;f006;sp025;CONTRACT;ACTIVE;v.savenko@ukma.edu.ua;+380501235334;2006-06-25;19
st20251045;Kateryna;Khorenko;Ihorivna;1;2025-09-01;7;f006;sp025;CONTRACT;ACTIVE;k.khorenko@ukma.edu.ua;+380501235335;2007-02-05;18
st20251046;Yelyzaveta;Pavliuk;Andriivna;1;2025-09-01;7;f006;sp025;CONTRACT;ACTIVE;y.pavliuk@ukma.edu.ua;+380501235336;2006-01-11;19
st20251047;Kseniia;Yakovleva;Viktorivna;1;2025-09-01;7;f006;sp025;CONTRACT;ACTIVE;k.yakovleva@ukma.edu.ua;+380501235337;2007-05-29;18
st20251048;Svitlana;Khailuk;Olehivna;1;2025-09-01;7;f006;sp025;CONTRACT;ACTIVE;s.khailuk@ukma.edu.ua;+380501235338;2006-12-02;18
st20251049;Poliina;Ilkhovska;Oleksandrivna;1;2025-09-01;7;f006;sp025;CONTRACT;ACTIVE;p.ilkhovska@ukma.edu.ua;+380501235339;2007-09-17;17
st20251050;Diana;Spivak;Rostyslavivna;1;2025-09-01;7;f006;sp025;CONTRACT;ACTIVE;d.spivak@ukma.edu.ua;+380501235340;2006-08-22;19
st20251051;Ivan;Briukhanov;Olehovych;1;2025-09-01;7;f006;sp025;CONTRACT;ACTIVE;i.briukhanov@ukma.edu.ua;+380501235341;2007-03-08;18
st20251052;Sofiia;Romanieieva;Oleksandrivna;1;2025-09-01;7;f006;sp025;CONTRACT;ACTIVE;s.romanieieva@ukma.edu.ua;+380501235342;2006-10-31;18
st20251053;Viktoriia;Chereshniuk;Viktorivna;1;2025-09-01;7;f006;sp025;CONTRACT;ACTIVE;v.chereshniuk@ukma.edu.ua;+380501235343;2007-07-14;18
st20251054;Milana;Kyrylenko;Serhiivna;1;2025-09-01;7;f006;sp025;CONTRACT;ACTIVE;m.kyrylenko@ukma.edu.ua;+380501235344;2006-05-03;19
st20251055;Yuliia;Vasylenko;Volodymyrivna;1;2025-09-01;8;f006;sp025;CONTRACT;ACTIVE;y.vasylenko@ukma.edu.ua;+380501235345;2007-11-26;17
st20251056;Yuliia;Polonets;Serhiivna;1;2025-09-01;8;f006;sp025;CONTRACT;ACTIVE;y.polonets@ukma.edu.ua;+380501235346;2006-02-18;19
st20251057;Oleksandr;Hrytsai;Oleksandrovych;1;2025-09-01;8;f006;sp025;CONTRACT;ACTIVE;o.hrytsai@ukma.edu.ua;+380501235347;2007-04-10;18
st20251058;Olha;Pirohova;Sviatoslavivna;1;2025-09-01;8;f006;sp025;CONTRACT;ACTIVE;o.pirohova@ukma.edu.ua;+380501235348;2006-12-08;18
st20251059;Haiane;Pohosova;Romanivna;1;2025-09-01;8;f006;sp025;CONTRACT;ACTIVE;h.pohosova@ukma.edu.ua;+380501235349;2007-08-16;18
st20251060;Zakhar;Yashchenko;Oleksandrovych;1;2025-09-01;8;f006;sp025;CONTRACT;ACTIVE;z.yashchenko@ukma.edu.ua;+380501235350;2006-06-02;19
st20251061;Sofiia;Nalimova;Serhiivna;1;2025-09-01;8;f006;sp025;CONTRACT;ACTIVE;s.nalimova@ukma.edu.ua;+380501235351;2007-01-22;18
st20251062;Anastasiia;Smitiukh;Vasylivna;1;2025-09-01;8;f006;sp025;CONTRACT;ACTIVE;a.smitiukh@ukma.edu.ua;+380501235352;2006-09-14;18
st20251063;Valeriia;Korol;Tymurivna;1;2025-09-01;8;f006;sp025;CONTRACT;ACTIVE;v.korol@ukma.edu.ua;+380501235353;2007-10-28;17
st20251064;Vladyslava;Trofimchuk;Vadymivna;1;2025-09-01;8;f006;sp025;CONTRACT;ACTIVE;v.trofimchuk@ukma.edu.ua;+380501235354;2006-03-05;19
st20251065;Karyna;Derezenko;Yaroslavivna;1;2025-09-01;9;f006;sp025;CONTRACT;ACTIVE;k.derezenko@ukma.edu.ua;+380501235355;2007-05-11;18
st20251066;Yelyzaveta;Litvyshchenko;Antonivna;1;2025-09-01;9;f006;sp025;CONTRACT;ACTIVE;y.litvyshchenko@ukma.edu.ua;+380501235356;2006-11-20;18
st20251067;Yana;Stanislavska;Hennadiivna;1;2025-09-01;9;f006;sp025;CONTRACT;ACTIVE;y.stanislavska@ukma.edu.ua;+380501235357;2007-07-03;18
st20251068;Oleksandr;Kuzmenko;Vitaliiovych;1;2025-09-01;9;f006;sp025;CONTRACT;ACTIVE;o.kuzmenko@ukma.edu.ua;+380501235358;2006-01-29;19
st20251069;Mariia;Radkevych;Oleksandrivna;1;2025-09-01;9;f006;sp025;CONTRACT;ACTIVE;m.radkevych@ukma.edu.ua;+380501235359;2007-02-15;18
st20251070;Andrii;Kyshenia;Maksymovych;1;2025-09-01;9;f006;sp025;CONTRACT;ACTIVE;a.kyshenia@ukma.edu.ua;+380501235360;2006-08-01;19
st20251071;Anastasiia;Yatsuk;Yevheniivna;1;2025-09-01;9;f006;sp025;CONTRACT;ACTIVE;a.yatsuk@ukma.edu.ua;+380501235361;2007-09-08;17
st20251072;Viktoriia;Yurchuk;Vitaliivna;1;2025-09-01;9;f006;sp025;CONTRACT;ACTIVE;v.yurchuk@ukma.edu.ua;+380501235362;2006-12-13;18
st20251073;Yuliia;Bohatova;Yevhenivna;1;2025-09-01;9;f006;sp025;CONTRACT;ACTIVE;y.bohatova@ukma.edu.ua;+380501235363;2007-04-26;18